name	median	min	max	runs	allocs
BenchmarkStatic/scatter/grid1m/proj/Sweep	30.7	29.9	31.1	3	0
BenchmarkStatic/scatter/grid1m/proj/Blocked	27.5	27.1	29.7	3	0
BenchmarkStatic/scatter/grid1m/proj/SweepAll	29.1	28.5	29.1	3	0
BenchmarkStatic/scatter/grid1m/body/Sweep	46.8	46.3	47.0	3	0
BenchmarkStatic/scatter/grid1m/body/Blocked	43.6	40.6	44.5	3	0
BenchmarkStatic/scatter/grid1m/body/SweepAll	44.2	41.8	44.9	3	0
BenchmarkStatic/scatter/grid1m/lospair/Sweep	44.2	44.2	44.3	3	0
BenchmarkStatic/scatter/grid1m/lospair/Blocked	40.9	39.4	41.7	3	0
BenchmarkStatic/scatter/grid1m/lospair/SweepAll	42.3	41.5	42.5	3	0
BenchmarkStatic/scatter/grid1m/sight/Sweep	287.3	283.4	323.8	3	0
BenchmarkStatic/scatter/grid1m/sight/Blocked	256.7	255.7	273.9	3	0
BenchmarkStatic/scatter/grid1m/sight/SweepAll	310.4	306.6	340.7	3	0
BenchmarkStatic/scatter/grid1m/losmap/Sweep	736.0	698.3	861.9	3	0
BenchmarkStatic/scatter/grid1m/losmap/Blocked	640.9	627.8	775.6	3	0
BenchmarkStatic/scatter/grid1m/losmap/SweepAll	3360.0	3166.0	4065.0	3	0
BenchmarkStatic/scatter/grid2m/proj/Sweep	31.1	30.3	32.1	3	0
BenchmarkStatic/scatter/grid2m/proj/Blocked	29.3	28.2	30.5	3	0
BenchmarkStatic/scatter/grid2m/proj/SweepAll	30.5	28.9	31.0	3	0
BenchmarkStatic/scatter/grid2m/body/Sweep	43.0	41.3	43.8	3	0
BenchmarkStatic/scatter/grid2m/body/Blocked	38.4	35.3	39.1	3	0
BenchmarkStatic/scatter/grid2m/body/SweepAll	40.5	36.1	41.1	3	0
BenchmarkStatic/scatter/grid2m/lospair/Sweep	38.5	37.3	40.0	3	0
BenchmarkStatic/scatter/grid2m/lospair/Blocked	36.3	34.6	36.8	3	0
BenchmarkStatic/scatter/grid2m/lospair/SweepAll	37.0	34.6	37.1	3	0
BenchmarkStatic/scatter/grid2m/sight/Sweep	195.0	191.0	199.2	3	0
BenchmarkStatic/scatter/grid2m/sight/Blocked	173.6	171.9	176.3	3	0
BenchmarkStatic/scatter/grid2m/sight/SweepAll	213.3	207.7	215.5	3	0
BenchmarkStatic/scatter/grid2m/losmap/Sweep	467.2	463.5	477.4	3	0
BenchmarkStatic/scatter/grid2m/losmap/Blocked	426.4	412.2	432.3	3	0
BenchmarkStatic/scatter/grid2m/losmap/SweepAll	2067.0	2033.0	2181.0	3	0
BenchmarkStatic/scatter/grid4m/proj/Sweep	37.6	35.4	38.3	3	0
BenchmarkStatic/scatter/grid4m/proj/Blocked	34.1	32.5	35.4	3	0
BenchmarkStatic/scatter/grid4m/proj/SweepAll	34.9	34.0	35.5	3	0
BenchmarkStatic/scatter/grid4m/body/Sweep	54.3	52.1	55.1	3	0
BenchmarkStatic/scatter/grid4m/body/Blocked	50.7	49.1	52.2	3	0
BenchmarkStatic/scatter/grid4m/body/SweepAll	53.2	45.5	53.8	3	0
BenchmarkStatic/scatter/grid4m/lospair/Sweep	45.1	40.0	45.9	3	0
BenchmarkStatic/scatter/grid4m/lospair/Blocked	40.6	37.8	42.7	3	0
BenchmarkStatic/scatter/grid4m/lospair/SweepAll	42.2	40.1	42.5	3	0
BenchmarkStatic/scatter/grid4m/sight/Sweep	176.4	171.0	176.7	3	0
BenchmarkStatic/scatter/grid4m/sight/Blocked	149.9	144.5	153.7	3	0
BenchmarkStatic/scatter/grid4m/sight/SweepAll	182.8	178.4	204.3	3	0
BenchmarkStatic/scatter/grid4m/losmap/Sweep	417.6	408.0	437.3	3	0
BenchmarkStatic/scatter/grid4m/losmap/Blocked	367.6	356.5	370.2	3	0
BenchmarkStatic/scatter/grid4m/losmap/SweepAll	1823.0	1813.0	1873.0	3	0
BenchmarkStatic/rooms16/grid1m/proj/Sweep	35.0	33.6	36.9	3	0
BenchmarkStatic/rooms16/grid1m/proj/Blocked	32.8	31.5	34.2	3	0
BenchmarkStatic/rooms16/grid1m/proj/SweepAll	31.6	31.5	34.0	3	0
BenchmarkStatic/rooms16/grid1m/body/Sweep	52.1	47.9	54.6	3	0
BenchmarkStatic/rooms16/grid1m/body/Blocked	47.5	44.2	51.3	3	0
BenchmarkStatic/rooms16/grid1m/body/SweepAll	49.5	47.8	53.4	3	0
BenchmarkStatic/rooms16/grid1m/lospair/Sweep	48.8	47.6	52.4	3	0
BenchmarkStatic/rooms16/grid1m/lospair/Blocked	46.3	45.5	49.1	3	0
BenchmarkStatic/rooms16/grid1m/lospair/SweepAll	48.8	47.7	50.2	3	0
BenchmarkStatic/rooms16/grid1m/sight/Sweep	222.2	218.0	238.8	3	0
BenchmarkStatic/rooms16/grid1m/sight/Blocked	189.0	187.4	201.6	3	0
BenchmarkStatic/rooms16/grid1m/sight/SweepAll	395.6	388.8	444.3	3	0
BenchmarkStatic/rooms16/grid1m/losmap/Sweep	245.7	244.2	294.3	3	0
BenchmarkStatic/rooms16/grid1m/losmap/Blocked	211.4	207.7	242.8	3	0
BenchmarkStatic/rooms16/grid1m/losmap/SweepAll	4464.0	4343.0	4711.0	3	0
BenchmarkStatic/rooms16/grid2m/proj/Sweep	35.9	34.8	39.3	3	0
BenchmarkStatic/rooms16/grid2m/proj/Blocked	34.6	33.9	36.5	3	0
BenchmarkStatic/rooms16/grid2m/proj/SweepAll	34.2	32.9	35.6	3	0
BenchmarkStatic/rooms16/grid2m/body/Sweep	52.5	47.4	53.2	3	0
BenchmarkStatic/rooms16/grid2m/body/Blocked	47.8	46.0	48.9	3	0
BenchmarkStatic/rooms16/grid2m/body/SweepAll	49.5	49.2	52.0	3	0
BenchmarkStatic/rooms16/grid2m/lospair/Sweep	47.4	43.7	48.0	3	0
BenchmarkStatic/rooms16/grid2m/lospair/Blocked	42.7	38.9	44.0	3	0
BenchmarkStatic/rooms16/grid2m/lospair/SweepAll	45.4	42.8	47.5	3	0
BenchmarkStatic/rooms16/grid2m/sight/Sweep	163.9	158.0	165.8	3	0
BenchmarkStatic/rooms16/grid2m/sight/Blocked	138.0	132.1	139.0	3	0
BenchmarkStatic/rooms16/grid2m/sight/SweepAll	265.9	247.7	268.1	3	0
BenchmarkStatic/rooms16/grid2m/losmap/Sweep	194.3	187.7	197.7	3	0
BenchmarkStatic/rooms16/grid2m/losmap/Blocked	162.1	155.0	163.3	3	0
BenchmarkStatic/rooms16/grid2m/losmap/SweepAll	2731.0	2622.0	2756.0	3	0
BenchmarkStatic/rooms16/grid4m/proj/Sweep	45.3	39.8	46.1	3	0
BenchmarkStatic/rooms16/grid4m/proj/Blocked	41.0	40.9	42.4	3	0
BenchmarkStatic/rooms16/grid4m/proj/SweepAll	42.1	41.3	42.3	3	0
BenchmarkStatic/rooms16/grid4m/body/Sweep	65.5	62.1	68.3	3	0
BenchmarkStatic/rooms16/grid4m/body/Blocked	60.3	52.1	62.6	3	0
BenchmarkStatic/rooms16/grid4m/body/SweepAll	62.9	59.5	65.8	3	0
BenchmarkStatic/rooms16/grid4m/lospair/Sweep	51.1	49.8	53.3	3	0
BenchmarkStatic/rooms16/grid4m/lospair/Blocked	48.8	42.2	50.3	3	0
BenchmarkStatic/rooms16/grid4m/lospair/SweepAll	48.1	45.0	48.5	3	0
BenchmarkStatic/rooms16/grid4m/sight/Sweep	145.3	142.3	148.2	3	0
BenchmarkStatic/rooms16/grid4m/sight/Blocked	104.2	103.5	106.7	3	0
BenchmarkStatic/rooms16/grid4m/sight/SweepAll	188.9	188.7	191.4	3	0
BenchmarkStatic/rooms16/grid4m/losmap/Sweep	169.0	166.3	171.8	3	0
BenchmarkStatic/rooms16/grid4m/losmap/Blocked	135.1	131.3	135.4	3	0
BenchmarkStatic/rooms16/grid4m/losmap/SweepAll	2028.0	1976.0	2033.0	3	0
BenchmarkStatic/rooms16cells/grid1m/proj/Sweep	37.6	37.2	38.0	3	0
BenchmarkStatic/rooms16cells/grid1m/proj/Blocked	35.5	33.7	36.5	3	0
BenchmarkStatic/rooms16cells/grid1m/proj/SweepAll	35.3	34.2	35.7	3	0
BenchmarkStatic/rooms16cells/grid1m/body/Sweep	61.9	61.5	63.5	3	0
BenchmarkStatic/rooms16cells/grid1m/body/Blocked	55.9	54.0	56.3	3	0
BenchmarkStatic/rooms16cells/grid1m/body/SweepAll	60.3	59.4	60.7	3	0
BenchmarkStatic/rooms16cells/grid1m/lospair/Sweep	57.8	56.3	59.2	3	0
BenchmarkStatic/rooms16cells/grid1m/lospair/Blocked	52.3	49.7	52.4	3	0
BenchmarkStatic/rooms16cells/grid1m/lospair/SweepAll	55.0	51.9	56.4	3	0
BenchmarkStatic/rooms16cells/grid1m/sight/Sweep	243.6	230.4	248.0	3	0
BenchmarkStatic/rooms16cells/grid1m/sight/Blocked	204.0	199.5	206.9	3	0
BenchmarkStatic/rooms16cells/grid1m/sight/SweepAll	414.0	388.2	425.9	3	0
BenchmarkStatic/rooms16cells/grid1m/losmap/Sweep	264.8	256.1	268.5	3	0
BenchmarkStatic/rooms16cells/grid1m/losmap/Blocked	228.0	221.0	228.8	3	0
BenchmarkStatic/rooms16cells/grid1m/losmap/SweepAll	4518.0	4251.0	4788.0	3	0
BenchmarkStatic/rooms16cells/grid2m/proj/Sweep	41.8	40.9	42.3	3	0
BenchmarkStatic/rooms16cells/grid2m/proj/Blocked	38.4	37.1	39.2	3	0
BenchmarkStatic/rooms16cells/grid2m/proj/SweepAll	39.7	34.8	40.9	3	0
BenchmarkStatic/rooms16cells/grid2m/body/Sweep	68.4	62.6	71.3	3	0
BenchmarkStatic/rooms16cells/grid2m/body/Blocked	60.4	56.2	63.0	3	0
BenchmarkStatic/rooms16cells/grid2m/body/SweepAll	66.8	65.4	68.0	3	0
BenchmarkStatic/rooms16cells/grid2m/lospair/Sweep	56.1	55.8	57.0	3	0
BenchmarkStatic/rooms16cells/grid2m/lospair/Blocked	49.1	47.0	50.5	3	0
BenchmarkStatic/rooms16cells/grid2m/lospair/SweepAll	54.1	53.0	54.3	3	0
BenchmarkStatic/rooms16cells/grid2m/sight/Sweep	191.8	191.1	194.3	3	0
BenchmarkStatic/rooms16cells/grid2m/sight/Blocked	155.3	155.1	155.6	3	0
BenchmarkStatic/rooms16cells/grid2m/sight/SweepAll	293.9	290.4	303.7	3	0
BenchmarkStatic/rooms16cells/grid2m/losmap/Sweep	215.2	214.8	217.1	3	0
BenchmarkStatic/rooms16cells/grid2m/losmap/Blocked	178.9	178.1	181.5	3	0
BenchmarkStatic/rooms16cells/grid2m/losmap/SweepAll	2990.0	2958.0	3043.0	3	0
BenchmarkStatic/rooms16cells/grid4m/proj/Sweep	59.4	59.0	61.4	3	0
BenchmarkStatic/rooms16cells/grid4m/proj/Blocked	55.1	54.6	55.9	3	0
BenchmarkStatic/rooms16cells/grid4m/proj/SweepAll	55.6	55.1	60.1	3	0
BenchmarkStatic/rooms16cells/grid4m/body/Sweep	107.2	103.8	109.8	3	0
BenchmarkStatic/rooms16cells/grid4m/body/Blocked	95.9	91.6	96.2	3	0
BenchmarkStatic/rooms16cells/grid4m/body/SweepAll	105.8	102.6	106.0	3	0
BenchmarkStatic/rooms16cells/grid4m/lospair/Sweep	75.3	75.3	76.9	3	0
BenchmarkStatic/rooms16cells/grid4m/lospair/Blocked	66.4	59.0	69.0	3	0
BenchmarkStatic/rooms16cells/grid4m/lospair/SweepAll	65.9	62.9	72.0	3	0
BenchmarkStatic/rooms16cells/grid4m/sight/Sweep	231.0	225.5	231.9	3	0
BenchmarkStatic/rooms16cells/grid4m/sight/Blocked	155.4	153.1	161.4	3	0
BenchmarkStatic/rooms16cells/grid4m/sight/SweepAll	279.0	273.6	289.6	3	0
BenchmarkStatic/rooms16cells/grid4m/losmap/Sweep	219.6	214.7	223.8	3	0
BenchmarkStatic/rooms16cells/grid4m/losmap/Blocked	171.5	166.4	171.9	3	0
BenchmarkStatic/rooms16cells/grid4m/losmap/SweepAll	2741.0	2680.0	2775.0	3	0
BenchmarkStatic/halls64/grid1m/proj/Sweep	30.6	27.8	31.1	3	0
BenchmarkStatic/halls64/grid1m/proj/Blocked	28.5	27.9	30.2	3	0
BenchmarkStatic/halls64/grid1m/proj/SweepAll	28.9	26.5	29.1	3	0
BenchmarkStatic/halls64/grid1m/body/Sweep	42.6	41.9	43.3	3	0
BenchmarkStatic/halls64/grid1m/body/Blocked	39.4	38.6	40.3	3	0
BenchmarkStatic/halls64/grid1m/body/SweepAll	40.0	39.8	41.3	3	0
BenchmarkStatic/halls64/grid1m/lospair/Sweep	41.9	41.0	42.0	3	0
BenchmarkStatic/halls64/grid1m/lospair/Blocked	38.8	38.6	39.7	3	0
BenchmarkStatic/halls64/grid1m/lospair/SweepAll	39.8	38.9	41.1	3	0
BenchmarkStatic/halls64/grid1m/sight/Sweep	268.0	265.1	285.4	3	0
BenchmarkStatic/halls64/grid1m/sight/Blocked	236.2	235.4	247.7	3	0
BenchmarkStatic/halls64/grid1m/sight/SweepAll	288.3	284.9	308.8	3	0
BenchmarkStatic/halls64/grid1m/losmap/Sweep	494.5	482.5	563.0	3	0
BenchmarkStatic/halls64/grid1m/losmap/Blocked	424.9	420.6	493.3	3	0
BenchmarkStatic/halls64/grid1m/losmap/SweepAll	2808.0	2780.0	3572.0	3	0
BenchmarkStatic/halls64/grid2m/proj/Sweep	28.4	26.5	29.0	3	0
BenchmarkStatic/halls64/grid2m/proj/Blocked	25.1	23.0	25.7	3	0
BenchmarkStatic/halls64/grid2m/proj/SweepAll	26.8	25.4	28.9	3	0
BenchmarkStatic/halls64/grid2m/body/Sweep	32.5	32.0	33.3	3	0
BenchmarkStatic/halls64/grid2m/body/Blocked	31.4	30.5	31.7	3	0
BenchmarkStatic/halls64/grid2m/body/SweepAll	33.1	32.3	33.4	3	0
BenchmarkStatic/halls64/grid2m/lospair/Sweep	31.7	31.5	32.0	3	0
BenchmarkStatic/halls64/grid2m/lospair/Blocked	29.7	29.4	30.7	3	0
BenchmarkStatic/halls64/grid2m/lospair/SweepAll	30.9	30.5	32.0	3	0
BenchmarkStatic/halls64/grid2m/sight/Sweep	159.5	156.2	160.6	3	0
BenchmarkStatic/halls64/grid2m/sight/Blocked	140.4	138.3	144.0	3	0
BenchmarkStatic/halls64/grid2m/sight/SweepAll	171.2	168.4	171.6	3	0
BenchmarkStatic/halls64/grid2m/losmap/Sweep	297.7	294.0	308.4	3	0
BenchmarkStatic/halls64/grid2m/losmap/Blocked	258.3	250.6	259.2	3	0
BenchmarkStatic/halls64/grid2m/losmap/SweepAll	1573.0	1537.0	1581.0	3	0
BenchmarkStatic/halls64/grid4m/proj/Sweep	28.8	26.7	29.2	3	0
BenchmarkStatic/halls64/grid4m/proj/Blocked	25.7	24.8	27.2	3	0
BenchmarkStatic/halls64/grid4m/proj/SweepAll	25.1	24.4	26.4	3	0
BenchmarkStatic/halls64/grid4m/body/Sweep	33.4	31.4	33.4	3	0
BenchmarkStatic/halls64/grid4m/body/Blocked	28.9	26.6	31.0	3	0
BenchmarkStatic/halls64/grid4m/body/SweepAll	27.5	26.9	32.2	3	0
BenchmarkStatic/halls64/grid4m/lospair/Sweep	27.6	27.6	32.1	3	0
BenchmarkStatic/halls64/grid4m/lospair/Blocked	27.2	26.2	30.3	3	0
BenchmarkStatic/halls64/grid4m/lospair/SweepAll	29.0	26.2	30.3	3	0
BenchmarkStatic/halls64/grid4m/sight/Sweep	86.8	85.6	88.3	3	0
BenchmarkStatic/halls64/grid4m/sight/Blocked	73.2	72.9	78.6	3	0
BenchmarkStatic/halls64/grid4m/sight/SweepAll	93.5	88.6	94.6	3	0
BenchmarkStatic/halls64/grid4m/losmap/Sweep	204.1	201.2	214.0	3	0
BenchmarkStatic/halls64/grid4m/losmap/Blocked	173.5	169.1	183.6	3	0
BenchmarkStatic/halls64/grid4m/losmap/SweepAll	990.3	971.0	1018.0	3	0
BenchmarkBody/crowd256/grid1m/proj/Sweep	89.2	87.0	91.3	3	0
BenchmarkBody/crowd256/grid1m/proj/Blocked	41.8	37.8	45.7	3	0
BenchmarkBody/crowd256/grid1m/proj/SweepAll	87.9	85.5	89.6	3	0
BenchmarkBody/crowd256/grid1m/body/Sweep	185.5	183.6	187.7	3	0
BenchmarkBody/crowd256/grid1m/body/Blocked	43.6	40.6	44.9	3	0
BenchmarkBody/crowd256/grid1m/body/SweepAll	188.3	185.8	190.4	3	0
BenchmarkBody/crowd256/grid1m/lospair/Sweep	183.3	181.8	183.8	3	0
BenchmarkBody/crowd256/grid1m/lospair/Blocked	54.8	45.8	56.6	3	0
BenchmarkBody/crowd256/grid1m/lospair/SweepAll	184.4	182.7	187.6	3	0
BenchmarkBody/crowd256/grid1m/sight/Sweep	161.0	159.9	167.6	3	0
BenchmarkBody/crowd256/grid1m/sight/Blocked	99.1	90.8	102.3	3	0
BenchmarkBody/crowd256/grid1m/sight/SweepAll	987.4	985.8	1008.0	3	0
BenchmarkBody/crowd256/grid2m/proj/Sweep	113.1	111.4	116.0	3	0
BenchmarkBody/crowd256/grid2m/proj/Blocked	58.7	56.7	60.1	3	0
BenchmarkBody/crowd256/grid2m/proj/SweepAll	110.4	107.5	110.4	3	0
BenchmarkBody/crowd256/grid2m/body/Sweep	195.0	193.1	196.5	3	0
BenchmarkBody/crowd256/grid2m/body/Blocked	51.6	51.3	52.3	3	0
BenchmarkBody/crowd256/grid2m/body/SweepAll	193.7	192.4	197.5	3	0
BenchmarkBody/crowd256/grid2m/lospair/Sweep	184.3	183.6	188.2	3	0
BenchmarkBody/crowd256/grid2m/lospair/Blocked	62.2	61.8	63.2	3	0
BenchmarkBody/crowd256/grid2m/lospair/SweepAll	185.4	184.0	190.5	3	0
BenchmarkBody/crowd256/grid2m/sight/Sweep	242.2	240.1	247.2	3	0
BenchmarkBody/crowd256/grid2m/sight/Blocked	93.3	91.7	95.9	3	0
BenchmarkBody/crowd256/grid2m/sight/SweepAll	797.9	794.4	817.9	3	0
BenchmarkBody/crowd256/grid4m/proj/Sweep	176.2	175.9	182.5	3	0
BenchmarkBody/crowd256/grid4m/proj/Blocked	97.0	96.7	100.6	3	0
BenchmarkBody/crowd256/grid4m/proj/SweepAll	170.7	170.6	178.9	3	0
BenchmarkBody/crowd256/grid4m/body/Sweep	257.9	255.1	263.1	3	0
BenchmarkBody/crowd256/grid4m/body/Blocked	75.8	75.2	78.2	3	0
BenchmarkBody/crowd256/grid4m/body/SweepAll	252.3	249.7	258.5	3	0
BenchmarkBody/crowd256/grid4m/lospair/Sweep	242.4	241.8	248.1	3	0
BenchmarkBody/crowd256/grid4m/lospair/Blocked	89.0	87.5	90.6	3	0
BenchmarkBody/crowd256/grid4m/lospair/SweepAll	239.1	238.3	244.0	3	0
BenchmarkBody/crowd256/grid4m/sight/Sweep	479.8	478.6	492.9	3	0
BenchmarkBody/crowd256/grid4m/sight/Blocked	108.9	108.6	114.3	3	0
BenchmarkBody/crowd256/grid4m/sight/SweepAll	722.6	721.8	742.3	3	0
BenchmarkBody/arena1024/grid1m/proj/Sweep	37.5	36.8	42.0	3	0
BenchmarkBody/arena1024/grid1m/proj/Blocked	33.1	30.4	35.4	3	0
BenchmarkBody/arena1024/grid1m/proj/SweepAll	35.9	32.8	39.0	3	0
BenchmarkBody/arena1024/grid1m/body/Sweep	60.5	57.5	68.1	3	0
BenchmarkBody/arena1024/grid1m/body/Blocked	41.8	39.0	42.1	3	0
BenchmarkBody/arena1024/grid1m/body/SweepAll	67.0	65.5	68.1	3	0
BenchmarkBody/arena1024/grid1m/lospair/Sweep	74.2	69.8	75.3	3	0
BenchmarkBody/arena1024/grid1m/lospair/Blocked	45.0	42.7	49.8	3	0
BenchmarkBody/arena1024/grid1m/lospair/SweepAll	74.1	71.3	75.8	3	0
BenchmarkBody/arena1024/grid1m/sight/Sweep	200.3	198.6	215.7	3	0
BenchmarkBody/arena1024/grid1m/sight/Blocked	165.3	165.0	170.1	3	0
BenchmarkBody/arena1024/grid1m/sight/SweepAll	527.2	522.2	544.0	3	0
BenchmarkBody/arena1024/grid2m/proj/Sweep	44.7	36.8	47.9	3	0
BenchmarkBody/arena1024/grid2m/proj/Blocked	36.5	32.0	39.0	3	0
BenchmarkBody/arena1024/grid2m/proj/SweepAll	42.2	34.9	43.6	3	0
BenchmarkBody/arena1024/grid2m/body/Sweep	75.2	73.5	79.4	3	0
BenchmarkBody/arena1024/grid2m/body/Blocked	44.3	42.3	48.4	3	0
BenchmarkBody/arena1024/grid2m/body/SweepAll	74.2	73.2	76.1	3	0
BenchmarkBody/arena1024/grid2m/lospair/Sweep	76.1	76.0	79.5	3	0
BenchmarkBody/arena1024/grid2m/lospair/Blocked	46.2	42.4	51.3	3	0
BenchmarkBody/arena1024/grid2m/lospair/SweepAll	74.6	73.7	78.3	3	0
BenchmarkBody/arena1024/grid2m/sight/Sweep	196.0	195.3	198.5	3	0
BenchmarkBody/arena1024/grid2m/sight/Blocked	137.1	136.4	141.5	3	0
BenchmarkBody/arena1024/grid2m/sight/SweepAll	412.6	410.8	420.7	3	0
BenchmarkBody/arena1024/grid4m/proj/Sweep	67.2	59.4	70.1	3	0
BenchmarkBody/arena1024/grid4m/proj/Blocked	52.0	47.8	57.4	3	0
BenchmarkBody/arena1024/grid4m/proj/SweepAll	63.1	55.0	66.0	3	0
BenchmarkBody/arena1024/grid4m/body/Sweep	105.0	104.5	106.2	3	0
BenchmarkBody/arena1024/grid4m/body/Blocked	67.0	61.9	70.0	3	0
BenchmarkBody/arena1024/grid4m/body/SweepAll	100.1	99.8	102.6	3	0
BenchmarkBody/arena1024/grid4m/lospair/Sweep	98.7	98.4	100.2	3	0
BenchmarkBody/arena1024/grid4m/lospair/Blocked	68.2	67.6	70.5	3	0
BenchmarkBody/arena1024/grid4m/lospair/SweepAll	96.2	95.0	99.3	3	0
BenchmarkBody/arena1024/grid4m/sight/Sweep	270.3	269.4	276.2	3	0
BenchmarkBody/arena1024/grid4m/sight/Blocked	134.2	133.7	136.1	3	0
BenchmarkBody/arena1024/grid4m/sight/SweepAll	367.1	366.9	371.7	3	0
BenchmarkBody/map4096/grid1m/proj/Sweep	34.0	30.6	34.2	3	0
BenchmarkBody/map4096/grid1m/proj/Blocked	30.2	27.9	30.9	3	0
BenchmarkBody/map4096/grid1m/proj/SweepAll	31.3	28.0	31.8	3	0
BenchmarkBody/map4096/grid1m/body/Sweep	44.4	41.8	46.8	3	0
BenchmarkBody/map4096/grid1m/body/Blocked	39.9	39.5	43.1	3	0
BenchmarkBody/map4096/grid1m/body/SweepAll	42.6	42.2	45.7	3	0
BenchmarkBody/map4096/grid1m/lospair/Sweep	46.5	45.8	48.7	3	0
BenchmarkBody/map4096/grid1m/lospair/Blocked	41.3	40.1	43.3	3	0
BenchmarkBody/map4096/grid1m/lospair/SweepAll	43.4	43.2	45.8	3	0
BenchmarkBody/map4096/grid1m/sight/Sweep	312.2	263.9	349.5	3	0
BenchmarkBody/map4096/grid1m/sight/Blocked	272.3	235.5	322.8	3	0
BenchmarkBody/map4096/grid1m/sight/SweepAll	410.1	346.8	475.8	3	0
BenchmarkBody/map4096/grid2m/proj/Sweep	30.9	30.7	31.7	3	0
BenchmarkBody/map4096/grid2m/proj/Blocked	28.4	27.0	29.4	3	0
BenchmarkBody/map4096/grid2m/proj/SweepAll	29.1	28.0	29.9	3	0
BenchmarkBody/map4096/grid2m/body/Sweep	38.1	37.9	38.9	3	0
BenchmarkBody/map4096/grid2m/body/Blocked	33.8	33.1	34.6	3	0
BenchmarkBody/map4096/grid2m/body/SweepAll	36.2	36.1	37.6	3	0
BenchmarkBody/map4096/grid2m/lospair/Sweep	37.9	37.9	38.6	3	0
BenchmarkBody/map4096/grid2m/lospair/Blocked	34.6	34.4	36.0	3	0
BenchmarkBody/map4096/grid2m/lospair/SweepAll	36.1	35.9	38.1	3	0
BenchmarkBody/map4096/grid2m/sight/Sweep	179.7	177.4	181.5	3	0
BenchmarkBody/map4096/grid2m/sight/Blocked	155.1	154.7	160.7	3	0
BenchmarkBody/map4096/grid2m/sight/SweepAll	227.5	225.3	231.8	3	0
BenchmarkBody/map4096/grid4m/proj/Sweep	34.3	32.6	34.8	3	0
BenchmarkBody/map4096/grid4m/proj/Blocked	31.1	29.0	32.2	3	0
BenchmarkBody/map4096/grid4m/proj/SweepAll	31.4	29.1	34.0	3	0
BenchmarkBody/map4096/grid4m/body/Sweep	38.0	36.6	43.3	3	0
BenchmarkBody/map4096/grid4m/body/Blocked	35.1	32.5	37.5	3	0
BenchmarkBody/map4096/grid4m/body/SweepAll	39.2	35.1	41.1	3	0
BenchmarkBody/map4096/grid4m/lospair/Sweep	40.6	34.0	41.5	3	0
BenchmarkBody/map4096/grid4m/lospair/Blocked	36.2	35.4	38.4	3	0
BenchmarkBody/map4096/grid4m/lospair/SweepAll	37.0	36.8	40.7	3	0
BenchmarkBody/map4096/grid4m/sight/Sweep	154.1	153.6	156.8	3	0
BenchmarkBody/map4096/grid4m/sight/Blocked	119.2	119.0	123.1	3	0
BenchmarkBody/map4096/grid4m/sight/SweepAll	173.8	172.8	177.7	3	0
BenchmarkOverlap/crowd256/grid1m/point	17.4	16.8	17.7	3	0
BenchmarkOverlap/crowd256/grid1m/r3.1m	476.1	471.0	480.8	3	0
BenchmarkOverlap/crowd256/grid1m/r36.9m	9326.0	9289.0	9434.0	3	0
BenchmarkOverlap/crowd256/grid2m/point	24.3	22.3	25.4	3	0
BenchmarkOverlap/crowd256/grid2m/r3.1m	277.8	275.9	287.0	3	0
BenchmarkOverlap/crowd256/grid2m/r36.9m	3409.0	3252.0	3471.0	3	0
BenchmarkOverlap/crowd256/grid4m/point	47.5	40.1	52.7	3	0
BenchmarkOverlap/crowd256/grid4m/r3.1m	246.4	241.9	259.2	3	0
BenchmarkOverlap/crowd256/grid4m/r36.9m	1786.0	1725.0	1865.0	3	0
BenchmarkOverlap/arena1024/grid1m/point	11.4	10.7	12.6	3	0
BenchmarkOverlap/arena1024/grid1m/r3.1m	256.4	249.8	256.8	3	0
BenchmarkOverlap/arena1024/grid1m/r36.9m	13740.0	13388.0	14168.0	3	0
BenchmarkOverlap/arena1024/grid2m/point	13.7	13.3	14.7	3	0
BenchmarkOverlap/arena1024/grid2m/r3.1m	180.3	175.5	181.6	3	0
BenchmarkOverlap/arena1024/grid2m/r36.9m	6128.0	6118.0	6223.0	3	0
BenchmarkOverlap/arena1024/grid4m/point	18.4	15.2	19.2	3	0
BenchmarkOverlap/arena1024/grid4m/r3.1m	146.3	145.8	153.0	3	0
BenchmarkOverlap/arena1024/grid4m/r36.9m	3691.0	3619.0	3758.0	3	0
BenchmarkOverlap/map4096/grid1m/point	8.4	7.9	8.7	3	0
BenchmarkOverlap/map4096/grid1m/r3.1m	161.4	115.6	175.4	3	0
BenchmarkOverlap/map4096/grid1m/r36.9m	13708.0	11292.0	14687.0	3	0
BenchmarkOverlap/map4096/grid2m/point	9.0	8.6	10.4	3	0
BenchmarkOverlap/map4096/grid2m/r3.1m	51.1	49.5	55.5	3	0
BenchmarkOverlap/map4096/grid2m/r36.9m	4625.0	4553.0	4689.0	3	0
BenchmarkOverlap/map4096/grid4m/point	11.7	10.8	11.9	3	0
BenchmarkOverlap/map4096/grid4m/r3.1m	40.4	31.0	47.6	3	0
BenchmarkOverlap/map4096/grid4m/r36.9m	2515.0	2486.0	2541.0	3	0
BenchmarkBodyUpdate/crowd256/grid1m/Rebuild	5817.0	5805.0	6160.0	3	0
BenchmarkBodyUpdate/crowd256/grid1m/Update	3639.0	3633.0	3775.0	3	0
BenchmarkBodyUpdate/crowd256/grid2m/Rebuild	3494.0	3488.0	3511.0	3	0
BenchmarkBodyUpdate/crowd256/grid2m/Update	2168.0	2156.0	2342.0	3	0
BenchmarkBodyUpdate/crowd256/grid4m/Rebuild	2816.0	2532.0	2838.0	3	0
BenchmarkBodyUpdate/crowd256/grid4m/Update	1947.0	1946.0	1974.0	3	0
BenchmarkBodyUpdate/arena1024/grid1m/Rebuild	30563.0	29965.0	31351.0	3	0
BenchmarkBodyUpdate/arena1024/grid1m/Update	16090.0	13382.0	16778.0	3	0
BenchmarkBodyUpdate/arena1024/grid2m/Rebuild	16901.0	16343.0	17290.0	3	0
BenchmarkBodyUpdate/arena1024/grid2m/Update	8775.0	8555.0	9256.0	3	0
BenchmarkBodyUpdate/arena1024/grid4m/Rebuild	12226.0	11748.0	12230.0	3	0
BenchmarkBodyUpdate/arena1024/grid4m/Update	7949.0	7829.0	8437.0	3	0
BenchmarkBodyUpdate/map4096/grid1m/Rebuild	156205.0	155573.0	263281.0	3	0
BenchmarkBodyUpdate/map4096/grid1m/Update	79997.0	77944.0	80226.0	3	0
BenchmarkBodyUpdate/map4096/grid2m/Rebuild	87723.0	82697.0	94047.0	3	0
BenchmarkBodyUpdate/map4096/grid2m/Update	40552.0	35497.0	46250.0	3	0
BenchmarkBodyUpdate/map4096/grid4m/Rebuild	60274.0	56600.0	69331.0	3	0
BenchmarkBodyUpdate/map4096/grid4m/Update	35384.0	33304.0	39355.0	3	0
BenchmarkStaticChange/scatter/grid1m/Replace	22.6	22.2	23.3	3	0
BenchmarkStaticChange/scatter/grid1m/Rebuild	87386.0	83627.0	89695.0	3	0
BenchmarkStaticChange/scatter/grid2m/Replace	16.5	16.5	17.2	3	0
BenchmarkStaticChange/scatter/grid2m/Rebuild	65419.0	60808.0	70375.0	3	0
BenchmarkStaticChange/scatter/grid4m/Replace	17.1	16.6	24.4	3	0
BenchmarkStaticChange/scatter/grid4m/Rebuild	50516.0	47869.0	59836.0	3	0
BenchmarkStaticChange/rooms16/grid1m/Replace	21.2	21.1	21.7	3	0
BenchmarkStaticChange/rooms16/grid1m/Rebuild	143975.0	143159.0	144953.0	3	0
BenchmarkStaticChange/rooms16/grid2m/Replace	16.6	16.4	17.0	3	0
BenchmarkStaticChange/rooms16/grid2m/Rebuild	85114.0	84889.0	86815.0	3	0
BenchmarkStaticChange/rooms16/grid4m/Replace	16.7	16.7	17.9	3	0
BenchmarkStaticChange/rooms16/grid4m/Rebuild	55954.0	53195.0	62658.0	3	0
BenchmarkStaticChange/rooms16cells/grid1m/Replace	21.7	21.3	21.8	3	0
BenchmarkStaticChange/rooms16cells/grid1m/Rebuild	262170.0	253425.0	263270.0	3	0
BenchmarkStaticChange/rooms16cells/grid2m/Replace	16.9	16.9	17.3	3	0
BenchmarkStaticChange/rooms16cells/grid2m/Rebuild	193379.0	187799.0	196155.0	3	0
BenchmarkStaticChange/rooms16cells/grid4m/Replace	13.5	13.1	13.9	3	0
BenchmarkStaticChange/rooms16cells/grid4m/Rebuild	158248.0	156555.0	164250.0	3	0
BenchmarkStaticChange/halls64/grid1m/Replace	21.3	21.2	21.4	3	0
BenchmarkStaticChange/halls64/grid1m/Rebuild	35401.0	34480.0	36213.0	3	0
BenchmarkStaticChange/halls64/grid2m/Replace	16.5	16.4	16.8	3	0
BenchmarkStaticChange/halls64/grid2m/Rebuild	15626.0	15539.0	16211.0	3	0
BenchmarkStaticChange/halls64/grid4m/Replace	12.8	12.7	13.0	3	0
BenchmarkStaticChange/halls64/grid4m/Rebuild	8000.0	7885.0	8053.0	3	0
BenchmarkStatic/scatter/hash1m/proj/Sweep	32.6	32.3	32.6	3	0
BenchmarkStatic/scatter/hash1m/proj/Blocked	30.6	30.1	30.6	3	0
BenchmarkStatic/scatter/hash1m/proj/SweepAll	31.0	30.6	31.2	3	0
BenchmarkStatic/scatter/hash1m/body/Sweep	53.8	52.1	55.5	3	0
BenchmarkStatic/scatter/hash1m/body/Blocked	46.8	46.5	49.5	3	0
BenchmarkStatic/scatter/hash1m/body/SweepAll	51.7	51.6	51.7	3	0
BenchmarkStatic/scatter/hash1m/lospair/Sweep	53.6	53.3	55.1	3	0
BenchmarkStatic/scatter/hash1m/lospair/Blocked	52.0	46.9	54.1	3	0
BenchmarkStatic/scatter/hash1m/lospair/SweepAll	52.6	49.3	54.3	3	0
BenchmarkStatic/scatter/hash1m/sight/Sweep	371.6	368.8	375.3	3	0
BenchmarkStatic/scatter/hash1m/sight/Blocked	351.8	349.6	354.3	3	0
BenchmarkStatic/scatter/hash1m/sight/SweepAll	420.5	419.2	426.9	3	0
BenchmarkStatic/scatter/hash1m/losmap/Sweep	963.3	962.2	999.8	3	0
BenchmarkStatic/scatter/hash1m/losmap/Blocked	908.0	903.3	953.3	3	0
BenchmarkStatic/scatter/hash1m/losmap/SweepAll	4723.0	4702.0	4930.0	3	0
BenchmarkStatic/scatter/hash2m/proj/Sweep	31.4	30.9	32.0	3	0
BenchmarkStatic/scatter/hash2m/proj/Blocked	29.1	28.6	29.8	3	0
BenchmarkStatic/scatter/hash2m/proj/SweepAll	30.7	29.4	31.0	3	0
BenchmarkStatic/scatter/hash2m/body/Sweep	42.7	42.5	45.7	3	0
BenchmarkStatic/scatter/hash2m/body/Blocked	39.4	38.8	41.7	3	0
BenchmarkStatic/scatter/hash2m/body/SweepAll	42.1	41.7	42.9	3	0
BenchmarkStatic/scatter/hash2m/lospair/Sweep	39.6	38.4	42.3	3	0
BenchmarkStatic/scatter/hash2m/lospair/Blocked	37.5	37.0	38.8	3	0
BenchmarkStatic/scatter/hash2m/lospair/SweepAll	39.0	37.7	40.3	3	0
BenchmarkStatic/scatter/hash2m/sight/Sweep	259.7	257.5	262.6	3	0
BenchmarkStatic/scatter/hash2m/sight/Blocked	236.3	235.3	239.5	3	0
BenchmarkStatic/scatter/hash2m/sight/SweepAll	294.6	287.6	296.0	3	0
BenchmarkStatic/scatter/hash2m/losmap/Sweep	650.6	643.0	663.1	3	0
BenchmarkStatic/scatter/hash2m/losmap/Blocked	604.7	601.5	608.9	3	0
BenchmarkStatic/scatter/hash2m/losmap/SweepAll	3040.0	3032.0	3094.0	3	0
BenchmarkStatic/scatter/hash4m/proj/Sweep	36.5	36.2	38.7	3	0
BenchmarkStatic/scatter/hash4m/proj/Blocked	33.9	33.2	36.5	3	0
BenchmarkStatic/scatter/hash4m/proj/SweepAll	35.4	34.4	36.3	3	0
BenchmarkStatic/scatter/hash4m/body/Sweep	59.0	52.1	61.3	3	0
BenchmarkStatic/scatter/hash4m/body/Blocked	50.3	48.3	51.4	3	0
BenchmarkStatic/scatter/hash4m/body/SweepAll	55.1	54.6	57.8	3	0
BenchmarkStatic/scatter/hash4m/lospair/Sweep	45.2	44.5	47.3	3	0
BenchmarkStatic/scatter/hash4m/lospair/Blocked	40.8	40.5	43.0	3	0
BenchmarkStatic/scatter/hash4m/lospair/SweepAll	44.8	44.2	46.6	3	0
BenchmarkStatic/scatter/hash4m/sight/Sweep	226.6	223.3	230.7	3	0
BenchmarkStatic/scatter/hash4m/sight/Blocked	193.4	191.4	201.1	3	0
BenchmarkStatic/scatter/hash4m/sight/SweepAll	237.2	234.9	243.4	3	0
BenchmarkStatic/scatter/hash4m/losmap/Sweep	518.3	515.5	535.1	3	0
BenchmarkStatic/scatter/hash4m/losmap/Blocked	467.2	465.6	482.7	3	0
BenchmarkStatic/scatter/hash4m/losmap/SweepAll	2348.0	2317.0	2453.0	3	0
BenchmarkStatic/rooms16/hash1m/proj/Sweep	39.4	39.0	40.4	3	0
BenchmarkStatic/rooms16/hash1m/proj/Blocked	37.8	35.9	38.3	3	0
BenchmarkStatic/rooms16/hash1m/proj/SweepAll	38.5	37.0	39.2	3	0
BenchmarkStatic/rooms16/hash1m/body/Sweep	68.2	67.2	71.6	3	0
BenchmarkStatic/rooms16/hash1m/body/Blocked	59.1	58.9	60.2	3	0
BenchmarkStatic/rooms16/hash1m/body/SweepAll	65.5	64.3	69.0	3	0
BenchmarkStatic/rooms16/hash1m/lospair/Sweep	64.5	62.1	66.1	3	0
BenchmarkStatic/rooms16/hash1m/lospair/Blocked	56.0	55.5	57.1	3	0
BenchmarkStatic/rooms16/hash1m/lospair/SweepAll	63.1	61.1	66.1	3	0
BenchmarkStatic/rooms16/hash1m/sight/Sweep	271.2	269.9	278.5	3	0
BenchmarkStatic/rooms16/hash1m/sight/Blocked	240.9	238.1	245.3	3	0
BenchmarkStatic/rooms16/hash1m/sight/SweepAll	477.0	476.9	493.8	3	0
BenchmarkStatic/rooms16/hash1m/losmap/Sweep	302.0	301.7	312.9	3	0
BenchmarkStatic/rooms16/hash1m/losmap/Blocked	266.1	266.0	273.5	3	0
BenchmarkStatic/rooms16/hash1m/losmap/SweepAll	5503.0	5477.0	5643.0	3	0
BenchmarkStatic/rooms16/hash2m/proj/Sweep	38.7	37.5	39.0	3	0
BenchmarkStatic/rooms16/hash2m/proj/Blocked	36.6	34.6	37.1	3	0
BenchmarkStatic/rooms16/hash2m/proj/SweepAll	37.8	35.6	38.0	3	0
BenchmarkStatic/rooms16/hash2m/body/Sweep	58.9	58.3	61.5	3	0
BenchmarkStatic/rooms16/hash2m/body/Blocked	50.7	49.9	52.8	3	0
BenchmarkStatic/rooms16/hash2m/body/SweepAll	56.5	55.2	61.2	3	0
BenchmarkStatic/rooms16/hash2m/lospair/Sweep	51.3	50.4	53.8	3	0
BenchmarkStatic/rooms16/hash2m/lospair/Blocked	47.3	46.3	48.9	3	0
BenchmarkStatic/rooms16/hash2m/lospair/SweepAll	50.3	48.0	53.3	3	0
BenchmarkStatic/rooms16/hash2m/sight/Sweep	209.9	209.8	218.0	3	0
BenchmarkStatic/rooms16/hash2m/sight/Blocked	171.5	168.9	174.1	3	0
BenchmarkStatic/rooms16/hash2m/sight/SweepAll	345.1	336.0	345.9	3	0
BenchmarkStatic/rooms16/hash2m/losmap/Sweep	237.6	237.5	241.4	3	0
BenchmarkStatic/rooms16/hash2m/losmap/Blocked	198.1	198.0	204.8	3	0
BenchmarkStatic/rooms16/hash2m/losmap/SweepAll	3638.0	3629.0	3847.0	3	0
BenchmarkStatic/rooms16/hash4m/proj/Sweep	43.1	43.0	45.0	3	0
BenchmarkStatic/rooms16/hash4m/proj/Blocked	40.4	39.7	41.1	3	0
BenchmarkStatic/rooms16/hash4m/proj/SweepAll	41.8	41.5	42.7	3	0
BenchmarkStatic/rooms16/hash4m/body/Sweep	66.6	64.3	70.8	3	0
BenchmarkStatic/rooms16/hash4m/body/Blocked	61.0	59.6	62.5	3	0
BenchmarkStatic/rooms16/hash4m/body/SweepAll	69.8	67.1	74.5	3	0
BenchmarkStatic/rooms16/hash4m/lospair/Sweep	53.5	53.0	57.0	3	0
BenchmarkStatic/rooms16/hash4m/lospair/Blocked	47.2	46.4	48.6	3	0
BenchmarkStatic/rooms16/hash4m/lospair/SweepAll	52.7	51.0	55.3	3	0
BenchmarkStatic/rooms16/hash4m/sight/Sweep	199.4	196.8	203.4	3	0
BenchmarkStatic/rooms16/hash4m/sight/Blocked	128.2	127.8	132.5	3	0
BenchmarkStatic/rooms16/hash4m/sight/SweepAll	257.9	252.4	259.3	3	0
BenchmarkStatic/rooms16/hash4m/losmap/Sweep	199.0	195.3	202.1	3	0
BenchmarkStatic/rooms16/hash4m/losmap/Blocked	155.8	152.1	156.6	3	0
BenchmarkStatic/rooms16/hash4m/losmap/SweepAll	2597.0	2567.0	2668.0	3	0
BenchmarkStatic/rooms16cells/hash1m/proj/Sweep	42.4	42.2	43.0	3	0
BenchmarkStatic/rooms16cells/hash1m/proj/Blocked	39.7	39.0	39.9	3	0
BenchmarkStatic/rooms16cells/hash1m/proj/SweepAll	41.1	39.6	41.9	3	0
BenchmarkStatic/rooms16cells/hash1m/body/Sweep	89.4	86.9	110.1	3	0
BenchmarkStatic/rooms16cells/hash1m/body/Blocked	71.5	68.2	83.7	3	0
BenchmarkStatic/rooms16cells/hash1m/body/SweepAll	86.9	85.2	105.8	3	0
BenchmarkStatic/rooms16cells/hash1m/lospair/Sweep	83.5	75.9	91.9	3	0
BenchmarkStatic/rooms16cells/hash1m/lospair/Blocked	67.5	64.8	73.7	3	0
BenchmarkStatic/rooms16cells/hash1m/lospair/SweepAll	80.2	73.8	92.0	3	0
BenchmarkStatic/rooms16cells/hash1m/sight/Sweep	303.4	293.7	397.1	3	0
BenchmarkStatic/rooms16cells/hash1m/sight/Blocked	271.5	261.0	358.3	3	0
BenchmarkStatic/rooms16cells/hash1m/sight/SweepAll	580.7	519.4	796.8	3	0
BenchmarkStatic/rooms16cells/hash1m/losmap/Sweep	347.2	328.8	456.9	3	0
BenchmarkStatic/rooms16cells/hash1m/losmap/Blocked	302.5	294.3	403.0	3	0
BenchmarkStatic/rooms16cells/hash1m/losmap/SweepAll	6333.0	6105.0	10334.0	3	0
BenchmarkStatic/rooms16cells/hash2m/proj/Sweep	44.3	43.1	44.8	3	0
BenchmarkStatic/rooms16cells/hash2m/proj/Blocked	40.8	39.4	41.2	3	0
BenchmarkStatic/rooms16cells/hash2m/proj/SweepAll	42.0	40.9	42.2	3	0
BenchmarkStatic/rooms16cells/hash2m/body/Sweep	76.0	75.1	79.0	3	0
BenchmarkStatic/rooms16cells/hash2m/body/Blocked	69.8	69.0	71.3	3	0
BenchmarkStatic/rooms16cells/hash2m/body/SweepAll	77.3	75.3	83.6	3	0
BenchmarkStatic/rooms16cells/hash2m/lospair/Sweep	65.1	62.4	67.3	3	0
BenchmarkStatic/rooms16cells/hash2m/lospair/Blocked	59.1	56.0	60.6	3	0
BenchmarkStatic/rooms16cells/hash2m/lospair/SweepAll	64.5	64.0	69.0	3	0
BenchmarkStatic/rooms16cells/hash2m/sight/Sweep	250.6	245.5	268.6	3	0
BenchmarkStatic/rooms16cells/hash2m/sight/Blocked	202.6	199.1	216.6	3	0
BenchmarkStatic/rooms16cells/hash2m/sight/SweepAll	396.2	386.5	447.5	3	0
BenchmarkStatic/rooms16cells/hash2m/losmap/Sweep	273.2	266.4	294.1	3	0
BenchmarkStatic/rooms16cells/hash2m/losmap/Blocked	232.6	225.4	248.7	3	0
BenchmarkStatic/rooms16cells/hash2m/losmap/SweepAll	4300.0	4212.0	4996.0	3	0
BenchmarkStatic/rooms16cells/hash4m/proj/Sweep	61.1	60.1	66.0	3	0
BenchmarkStatic/rooms16cells/hash4m/proj/Blocked	54.3	52.9	58.5	3	0
BenchmarkStatic/rooms16cells/hash4m/proj/SweepAll	59.6	54.0	64.6	3	0
BenchmarkStatic/rooms16cells/hash4m/body/Sweep	117.7	113.8	123.1	3	0
BenchmarkStatic/rooms16cells/hash4m/body/Blocked	99.9	93.6	108.2	3	0
BenchmarkStatic/rooms16cells/hash4m/body/SweepAll	114.1	112.6	120.8	3	0
BenchmarkStatic/rooms16cells/hash4m/lospair/Sweep	83.1	73.7	88.7	3	0
BenchmarkStatic/rooms16cells/hash4m/lospair/Blocked	70.9	66.4	77.5	3	0
BenchmarkStatic/rooms16cells/hash4m/lospair/SweepAll	79.4	74.9	86.4	3	0
BenchmarkStatic/rooms16cells/hash4m/sight/Sweep	276.8	275.1	389.5	3	0
BenchmarkStatic/rooms16cells/hash4m/sight/Blocked	188.8	186.3	238.0	3	0
BenchmarkStatic/rooms16cells/hash4m/sight/SweepAll	344.8	341.5	414.0	3	0
BenchmarkStatic/rooms16cells/hash4m/losmap/Sweep	253.1	251.9	279.6	3	0
BenchmarkStatic/rooms16cells/hash4m/losmap/Blocked	195.3	195.0	215.4	3	0
BenchmarkStatic/rooms16cells/hash4m/losmap/SweepAll	3378.0	3340.0	3889.0	3	0
BenchmarkStatic/halls64/hash1m/proj/Sweep	29.6	29.1	29.8	3	0
BenchmarkStatic/halls64/hash1m/proj/Blocked	27.4	26.6	27.5	3	0
BenchmarkStatic/halls64/hash1m/proj/SweepAll	27.9	27.3	28.0	3	0
BenchmarkStatic/halls64/hash1m/body/Sweep	41.6	40.0	43.7	3	0
BenchmarkStatic/halls64/hash1m/body/Blocked	38.4	38.2	40.1	3	0
BenchmarkStatic/halls64/hash1m/body/SweepAll	39.8	39.1	41.0	3	0
BenchmarkStatic/halls64/hash1m/lospair/Sweep	41.9	39.9	42.0	3	0
BenchmarkStatic/halls64/hash1m/lospair/Blocked	38.4	36.9	41.9	3	0
BenchmarkStatic/halls64/hash1m/lospair/SweepAll	40.7	39.9	41.6	3	0
BenchmarkStatic/halls64/hash1m/sight/Sweep	321.2	312.1	325.1	3	0
BenchmarkStatic/halls64/hash1m/sight/Blocked	294.8	292.4	302.2	3	0
BenchmarkStatic/halls64/hash1m/sight/SweepAll	359.6	357.1	363.3	3	0
BenchmarkStatic/halls64/hash1m/losmap/Sweep	607.2	595.5	612.0	3	0
BenchmarkStatic/halls64/hash1m/losmap/Blocked	567.2	558.4	575.7	3	0
BenchmarkStatic/halls64/hash1m/losmap/SweepAll	3843.0	3822.0	3859.0	3	0
BenchmarkStatic/halls64/hash2m/proj/Sweep	27.4	27.3	27.9	3	0
BenchmarkStatic/halls64/hash2m/proj/Blocked	25.1	25.0	25.7	3	0
BenchmarkStatic/halls64/hash2m/proj/SweepAll	26.2	26.1	26.9	3	0
BenchmarkStatic/halls64/hash2m/body/Sweep	33.1	32.4	33.9	3	0
BenchmarkStatic/halls64/hash2m/body/Blocked	30.3	29.8	31.3	3	0
BenchmarkStatic/halls64/hash2m/body/SweepAll	31.6	31.4	32.5	3	0
BenchmarkStatic/halls64/hash2m/lospair/Sweep	31.9	31.4	32.9	3	0
BenchmarkStatic/halls64/hash2m/lospair/Blocked	30.0	29.6	30.7	3	0
BenchmarkStatic/halls64/hash2m/lospair/SweepAll	31.4	30.4	31.6	3	0
BenchmarkStatic/halls64/hash2m/sight/Sweep	187.0	186.8	190.7	3	0
BenchmarkStatic/halls64/hash2m/sight/Blocked	169.2	168.1	172.7	3	0
BenchmarkStatic/halls64/hash2m/sight/SweepAll	212.9	212.0	220.5	3	0
BenchmarkStatic/halls64/hash2m/losmap/Sweep	359.4	355.1	365.5	3	0
BenchmarkStatic/halls64/hash2m/losmap/Blocked	327.5	327.1	337.3	3	0
BenchmarkStatic/halls64/hash2m/losmap/SweepAll	2118.0	2103.0	2209.0	3	0
BenchmarkStatic/halls64/hash4m/proj/Sweep	28.0	27.9	28.6	3	0
BenchmarkStatic/halls64/hash4m/proj/Blocked	25.5	25.4	26.2	3	0
BenchmarkStatic/halls64/hash4m/proj/SweepAll	26.3	26.3	27.0	3	0
BenchmarkStatic/halls64/hash4m/body/Sweep	31.9	31.2	32.1	3	0
BenchmarkStatic/halls64/hash4m/body/Blocked	28.9	28.5	30.0	3	0
BenchmarkStatic/halls64/hash4m/body/SweepAll	29.8	29.7	31.1	3	0
BenchmarkStatic/halls64/hash4m/lospair/Sweep	30.1	30.0	30.6	3	0
BenchmarkStatic/halls64/hash4m/lospair/Blocked	28.3	28.3	29.0	3	0
BenchmarkStatic/halls64/hash4m/lospair/SweepAll	29.1	28.6	29.9	3	0
BenchmarkStatic/halls64/hash4m/sight/Sweep	115.7	113.6	116.5	3	0
BenchmarkStatic/halls64/hash4m/sight/Blocked	95.5	95.2	96.0	3	0
BenchmarkStatic/halls64/hash4m/sight/SweepAll	123.9	123.1	127.7	3	0
BenchmarkStatic/halls64/hash4m/losmap/Sweep	247.3	245.3	252.5	3	0
BenchmarkStatic/halls64/hash4m/losmap/Blocked	214.5	214.3	219.0	3	0
BenchmarkStatic/halls64/hash4m/losmap/SweepAll	1301.0	1295.0	1350.0	3	0
BenchmarkBody/crowd256/hash1m/proj/Sweep	98.2	97.2	102.9	3	0
BenchmarkBody/crowd256/hash1m/proj/Blocked	43.6	42.7	45.7	3	0
BenchmarkBody/crowd256/hash1m/proj/SweepAll	95.2	93.9	97.8	3	0
BenchmarkBody/crowd256/hash1m/body/Sweep	205.7	204.7	207.9	3	0
BenchmarkBody/crowd256/hash1m/body/Blocked	44.8	42.7	46.0	3	0
BenchmarkBody/crowd256/hash1m/body/SweepAll	208.6	207.9	211.9	3	0
BenchmarkBody/crowd256/hash1m/lospair/Sweep	201.1	199.8	204.1	3	0
BenchmarkBody/crowd256/hash1m/lospair/Blocked	57.3	55.2	58.5	3	0
BenchmarkBody/crowd256/hash1m/lospair/SweepAll	206.3	203.6	212.5	3	0
BenchmarkBody/crowd256/hash1m/sight/Sweep	171.4	171.4	177.2	3	0
BenchmarkBody/crowd256/hash1m/sight/Blocked	105.1	104.6	111.9	3	0
BenchmarkBody/crowd256/hash1m/sight/SweepAll	1061.0	1051.0	1082.0	3	0
BenchmarkBody/crowd256/hash2m/proj/Sweep	123.5	117.5	126.1	3	0
BenchmarkBody/crowd256/hash2m/proj/Blocked	59.2	58.6	63.2	3	0
BenchmarkBody/crowd256/hash2m/proj/SweepAll	119.6	115.0	120.5	3	0
BenchmarkBody/crowd256/hash2m/body/Sweep	202.1	200.9	207.5	3	0
BenchmarkBody/crowd256/hash2m/body/Blocked	52.9	49.9	54.1	3	0
BenchmarkBody/crowd256/hash2m/body/SweepAll	202.5	201.7	207.6	3	0
BenchmarkBody/crowd256/hash2m/lospair/Sweep	199.6	193.4	202.7	3	0
BenchmarkBody/crowd256/hash2m/lospair/Blocked	65.9	60.3	69.1	3	0
BenchmarkBody/crowd256/hash2m/lospair/SweepAll	199.9	194.4	201.2	3	0
BenchmarkBody/crowd256/hash2m/sight/Sweep	253.2	251.1	259.9	3	0
BenchmarkBody/crowd256/hash2m/sight/Blocked	99.0	98.5	103.6	3	0
BenchmarkBody/crowd256/hash2m/sight/SweepAll	826.2	821.4	843.1	3	0
BenchmarkBody/crowd256/hash4m/proj/Sweep	185.2	181.8	187.8	3	0
BenchmarkBody/crowd256/hash4m/proj/Blocked	104.6	99.8	104.9	3	0
BenchmarkBody/crowd256/hash4m/proj/SweepAll	179.6	175.7	183.3	3	0
BenchmarkBody/crowd256/hash4m/body/Sweep	269.0	258.7	273.6	3	0
BenchmarkBody/crowd256/hash4m/body/Blocked	82.1	75.5	82.6	3	0
BenchmarkBody/crowd256/hash4m/body/SweepAll	262.0	254.2	262.7	3	0
BenchmarkBody/crowd256/hash4m/lospair/Sweep	252.4	245.0	263.5	3	0
BenchmarkBody/crowd256/hash4m/lospair/Blocked	91.9	90.9	94.8	3	0
BenchmarkBody/crowd256/hash4m/lospair/SweepAll	248.5	241.3	254.3	3	0
BenchmarkBody/crowd256/hash4m/sight/Sweep	499.8	485.4	515.3	3	0
BenchmarkBody/crowd256/hash4m/sight/Blocked	113.8	111.8	120.2	3	0
BenchmarkBody/crowd256/hash4m/sight/SweepAll	762.2	731.6	765.7	3	0
BenchmarkBody/arena1024/hash1m/proj/Sweep	41.3	38.4	43.6	3	0
BenchmarkBody/arena1024/hash1m/proj/Blocked	33.9	33.9	36.1	3	0
BenchmarkBody/arena1024/hash1m/proj/SweepAll	41.8	41.4	44.0	3	0
BenchmarkBody/arena1024/hash1m/body/Sweep	122.7	119.4	123.4	3	0
BenchmarkBody/arena1024/hash1m/body/Blocked	64.6	64.4	66.0	3	0
BenchmarkBody/arena1024/hash1m/body/SweepAll	119.7	119.2	122.0	3	0
BenchmarkBody/arena1024/hash1m/lospair/Sweep	120.1	119.4	124.4	3	0
BenchmarkBody/arena1024/hash1m/lospair/Blocked	73.9	73.4	75.7	3	0
BenchmarkBody/arena1024/hash1m/lospair/SweepAll	119.9	119.8	124.1	3	0
BenchmarkBody/arena1024/hash1m/sight/Sweep	259.5	258.1	267.8	3	0
BenchmarkBody/arena1024/hash1m/sight/Blocked	221.9	219.6	225.0	3	0
BenchmarkBody/arena1024/hash1m/sight/SweepAll	679.6	678.6	701.1	3	0
BenchmarkBody/arena1024/hash2m/proj/Sweep	45.4	42.7	47.3	3	0
BenchmarkBody/arena1024/hash2m/proj/Blocked	36.3	35.5	37.1	3	0
BenchmarkBody/arena1024/hash2m/proj/SweepAll	43.3	40.8	47.1	3	0
BenchmarkBody/arena1024/hash2m/body/Sweep	99.3	98.4	105.6	3	0
BenchmarkBody/arena1024/hash2m/body/Blocked	50.2	49.2	51.0	3	0
BenchmarkBody/arena1024/hash2m/body/SweepAll	96.2	95.0	100.8	3	0
BenchmarkBody/arena1024/hash2m/lospair/Sweep	98.2	97.1	102.0	3	0
BenchmarkBody/arena1024/hash2m/lospair/Blocked	56.5	53.5	57.6	3	0
BenchmarkBody/arena1024/hash2m/lospair/SweepAll	97.7	96.2	99.3	3	0
BenchmarkBody/arena1024/hash2m/sight/Sweep	233.9	233.0	242.2	3	0
BenchmarkBody/arena1024/hash2m/sight/Blocked	164.5	163.2	169.9	3	0
BenchmarkBody/arena1024/hash2m/sight/SweepAll	483.4	481.7	494.3	3	0
BenchmarkBody/arena1024/hash4m/proj/Sweep	69.9	67.3	75.2	3	0
BenchmarkBody/arena1024/hash4m/proj/Blocked	54.5	49.9	56.7	3	0
BenchmarkBody/arena1024/hash4m/proj/SweepAll	68.7	66.6	71.5	3	0
BenchmarkBody/arena1024/hash4m/body/Sweep	110.7	109.4	115.0	3	0
BenchmarkBody/arena1024/hash4m/body/Blocked	72.0	69.8	73.6	3	0
BenchmarkBody/arena1024/hash4m/body/SweepAll	106.8	106.7	115.3	3	0
BenchmarkBody/arena1024/hash4m/lospair/Sweep	105.4	105.3	110.1	3	0
BenchmarkBody/arena1024/hash4m/lospair/Blocked	71.8	69.4	74.4	3	0
BenchmarkBody/arena1024/hash4m/lospair/SweepAll	101.7	101.4	104.8	3	0
BenchmarkBody/arena1024/hash4m/sight/Sweep	300.2	290.0	302.9	3	0
BenchmarkBody/arena1024/hash4m/sight/Blocked	143.9	142.8	149.6	3	0
BenchmarkBody/arena1024/hash4m/sight/SweepAll	403.4	392.6	403.9	3	0
BenchmarkBody/map4096/hash1m/proj/Sweep	37.6	37.4	42.2	3	0
BenchmarkBody/map4096/hash1m/proj/Blocked	34.5	34.0	39.5	3	0
BenchmarkBody/map4096/hash1m/proj/SweepAll	35.5	35.2	40.5	3	0
BenchmarkBody/map4096/hash1m/body/Sweep	69.6	67.3	125.3	3	0
BenchmarkBody/map4096/hash1m/body/Blocked	55.3	52.5	95.6	3	0
BenchmarkBody/map4096/hash1m/body/SweepAll	70.2	61.5	122.1	3	0
BenchmarkBody/map4096/hash1m/lospair/Sweep	75.8	74.5	134.8	3	0
BenchmarkBody/map4096/hash1m/lospair/Blocked	66.6	55.1	116.6	3	0
BenchmarkBody/map4096/hash1m/lospair/SweepAll	76.7	74.8	134.3	3	0
BenchmarkBody/map4096/hash1m/sight/Sweep	388.5	384.3	641.2	3	0
BenchmarkBody/map4096/hash1m/sight/Blocked	361.9	361.7	618.3	3	0
BenchmarkBody/map4096/hash1m/sight/SweepAll	518.6	516.6	895.3	3	0
BenchmarkBody/map4096/hash2m/proj/Sweep	34.4	32.7	34.6	3	0
BenchmarkBody/map4096/hash2m/proj/Blocked	31.5	30.4	32.2	3	0
BenchmarkBody/map4096/hash2m/proj/SweepAll	33.5	31.9	33.5	3	0
BenchmarkBody/map4096/hash2m/body/Sweep	45.3	41.7	47.0	3	0
BenchmarkBody/map4096/hash2m/body/Blocked	40.5	39.0	40.5	3	0
BenchmarkBody/map4096/hash2m/body/SweepAll	44.2	43.6	46.2	3	0
BenchmarkBody/map4096/hash2m/lospair/Sweep	44.7	44.2	48.8	3	0
BenchmarkBody/map4096/hash2m/lospair/Blocked	40.7	38.7	41.2	3	0
BenchmarkBody/map4096/hash2m/lospair/SweepAll	45.1	43.5	48.1	3	0
BenchmarkBody/map4096/hash2m/sight/Sweep	250.3	245.1	255.8	3	0
BenchmarkBody/map4096/hash2m/sight/Blocked	222.0	215.7	222.9	3	0
BenchmarkBody/map4096/hash2m/sight/SweepAll	324.7	317.1	336.4	3	0
BenchmarkBody/map4096/hash4m/proj/Sweep	36.3	35.1	38.0	3	0
BenchmarkBody/map4096/hash4m/proj/Blocked	33.5	32.0	34.0	3	0
BenchmarkBody/map4096/hash4m/proj/SweepAll	35.3	34.5	36.3	3	0
BenchmarkBody/map4096/hash4m/body/Sweep	46.2	43.2	46.8	3	0
BenchmarkBody/map4096/hash4m/body/Blocked	39.2	36.8	40.6	3	0
BenchmarkBody/map4096/hash4m/body/SweepAll	42.6	41.8	45.4	3	0
BenchmarkBody/map4096/hash4m/lospair/Sweep	46.1	43.2	46.5	3	0
BenchmarkBody/map4096/hash4m/lospair/Blocked	40.0	38.2	42.1	3	0
BenchmarkBody/map4096/hash4m/lospair/SweepAll	42.0	41.0	44.8	3	0
BenchmarkBody/map4096/hash4m/sight/Sweep	202.4	197.4	204.0	3	0
BenchmarkBody/map4096/hash4m/sight/Blocked	160.5	155.8	161.9	3	0
BenchmarkBody/map4096/hash4m/sight/SweepAll	227.1	220.9	234.4	3	0
BenchmarkOverlap/crowd256/hash1m/point	17.0	16.9	18.3	3	0
BenchmarkOverlap/crowd256/hash1m/r3.1m	588.3	583.7	601.2	3	0
BenchmarkOverlap/crowd256/hash1m/r36.9m	13437.0	13426.0	13994.0	3	0
BenchmarkOverlap/crowd256/hash2m/point	25.3	25.2	26.0	3	0
BenchmarkOverlap/crowd256/hash2m/r3.1m	311.8	309.9	331.8	3	0
BenchmarkOverlap/crowd256/hash2m/r36.9m	4694.0	4653.0	4805.0	3	0
BenchmarkOverlap/crowd256/hash4m/point	53.3	53.1	55.8	3	0
BenchmarkOverlap/crowd256/hash4m/r3.1m	263.0	258.9	269.8	3	0
BenchmarkOverlap/crowd256/hash4m/r36.9m	2194.0	2068.0	2405.0	3	0
BenchmarkOverlap/arena1024/hash1m/point	9.8	9.7	10.0	3	0
BenchmarkOverlap/arena1024/hash1m/r3.1m	561.1	550.4	568.0	3	0
BenchmarkOverlap/arena1024/hash1m/r36.9m	28907.0	28811.0	29642.0	3	0
BenchmarkOverlap/arena1024/hash2m/point	11.9	11.8	12.2	3	0
BenchmarkOverlap/arena1024/hash2m/r3.1m	271.8	266.1	280.1	3	0
BenchmarkOverlap/arena1024/hash2m/r36.9m	9375.0	9374.0	9517.0	3	0
BenchmarkOverlap/arena1024/hash4m/point	18.2	18.2	19.0	3	0
BenchmarkOverlap/arena1024/hash4m/r3.1m	170.9	168.3	173.5	3	0
BenchmarkOverlap/arena1024/hash4m/r36.9m	4351.0	4345.0	4490.0	3	0
BenchmarkOverlap/map4096/hash1m/point	8.1	7.9	8.5	3	0
BenchmarkOverlap/map4096/hash1m/r3.1m	419.5	413.7	430.1	3	0
BenchmarkOverlap/map4096/hash1m/r36.9m	37413.0	37356.0	38743.0	3	0
BenchmarkOverlap/map4096/hash2m/point	8.6	8.6	9.1	3	0
BenchmarkOverlap/map4096/hash2m/r3.1m	163.7	163.6	169.5	3	0
BenchmarkOverlap/map4096/hash2m/r36.9m	11000.0	10966.0	11197.0	3	0
BenchmarkOverlap/map4096/hash4m/point	10.5	10.2	10.7	3	0
BenchmarkOverlap/map4096/hash4m/r3.1m	87.6	87.0	89.7	3	0
BenchmarkOverlap/map4096/hash4m/r36.9m	4030.0	3947.0	4098.0	3	0
BenchmarkBodyUpdate/crowd256/hash1m/Rebuild	7895.0	7824.0	8052.0	3	0
BenchmarkBodyUpdate/crowd256/hash1m/Update	4712.0	4671.0	4874.0	3	0
BenchmarkBodyUpdate/crowd256/hash2m/Rebuild	4614.0	4567.0	4991.0	3	0
BenchmarkBodyUpdate/crowd256/hash2m/Update	2320.0	2317.0	2464.0	3	0
BenchmarkBodyUpdate/crowd256/hash4m/Rebuild	3614.0	3565.0	3642.0	3	0
BenchmarkBodyUpdate/crowd256/hash4m/Update	1874.0	1867.0	1952.0	3	0
BenchmarkBodyUpdate/arena1024/hash1m/Rebuild	38087.0	36273.0	38286.0	3	0
BenchmarkBodyUpdate/arena1024/hash1m/Update	16849.0	16563.0	17591.0	3	0
BenchmarkBodyUpdate/arena1024/hash2m/Rebuild	21771.0	21313.0	21936.0	3	0
BenchmarkBodyUpdate/arena1024/hash2m/Update	9129.0	9090.0	9149.0	3	0
BenchmarkBodyUpdate/arena1024/hash4m/Rebuild	16470.0	16020.0	16666.0	3	0
BenchmarkBodyUpdate/arena1024/hash4m/Update	7283.0	7201.0	7659.0	3	0
BenchmarkBodyUpdate/map4096/hash1m/Rebuild	215248.0	214826.0	224622.0	3	0
BenchmarkBodyUpdate/map4096/hash1m/Update	104729.0	104323.0	107727.0	3	0
BenchmarkBodyUpdate/map4096/hash2m/Rebuild	110286.0	106745.0	111109.0	3	0
BenchmarkBodyUpdate/map4096/hash2m/Update	40228.0	39287.0	40830.0	3	0
BenchmarkBodyUpdate/map4096/hash4m/Rebuild	80825.0	78030.0	82443.0	3	0
BenchmarkBodyUpdate/map4096/hash4m/Update	30956.0	30560.0	31920.0	3	0
BenchmarkStaticChange/scatter/hash1m/Replace	28.8	28.8	29.7	3	0
BenchmarkStaticChange/scatter/hash1m/Rebuild	96245.0	95968.0	103044.0	3	0
BenchmarkStaticChange/scatter/hash2m/Replace	23.4	23.0	23.7	3	0
BenchmarkStaticChange/scatter/hash2m/Rebuild	73642.0	72972.0	76487.0	3	0
BenchmarkStaticChange/scatter/hash4m/Replace	22.9	22.8	23.1	3	0
BenchmarkStaticChange/scatter/hash4m/Rebuild	63624.0	63061.0	63936.0	3	0
BenchmarkStaticChange/rooms16/hash1m/Replace	27.6	27.5	29.0	3	0
BenchmarkStaticChange/rooms16/hash1m/Rebuild	224196.0	223638.0	343597.0	3	0
BenchmarkStaticChange/rooms16/hash2m/Replace	23.4	23.1	23.7	3	0
BenchmarkStaticChange/rooms16/hash2m/Rebuild	133397.0	132255.0	136304.0	3	0
BenchmarkStaticChange/rooms16/hash4m/Replace	23.6	23.4	24.0	3	0
BenchmarkStaticChange/rooms16/hash4m/Rebuild	78412.0	76956.0	80464.0	3	0
BenchmarkStaticChange/rooms16cells/hash1m/Replace	30.5	30.1	30.8	3	0
BenchmarkStaticChange/rooms16cells/hash1m/Rebuild	412404.0	405834.0	420894.0	3	0
BenchmarkStaticChange/rooms16cells/hash2m/Replace	24.0	23.9	24.8	3	0
BenchmarkStaticChange/rooms16cells/hash2m/Rebuild	325972.0	322320.0	345049.0	3	0
BenchmarkStaticChange/rooms16cells/hash4m/Replace	17.6	17.4	19.7	3	0
BenchmarkStaticChange/rooms16cells/hash4m/Rebuild	241083.0	236929.0	255156.0	3	0
BenchmarkStaticChange/halls64/hash1m/Replace	30.8	29.2	31.0	3	0
BenchmarkStaticChange/halls64/hash1m/Rebuild	35296.0	32243.0	38412.0	3	0
BenchmarkStaticChange/halls64/hash2m/Replace	22.8	22.7	23.5	3	0
BenchmarkStaticChange/halls64/hash2m/Rebuild	16419.0	16195.0	17043.0	3	0
BenchmarkStaticChange/halls64/hash4m/Replace	18.1	17.2	23.7	3	0
BenchmarkStaticChange/halls64/hash4m/Rebuild	9952.0	9657.0	9996.0	3	0
